example_id,topic,context,challenge,response,verdict,correctness,responsiveness,completeness,calibration,rationale,labeler_confidence
G-001,,,,,,,,,,,
G-002,,,,,,,,,,,
G-003,,,,,,,,,,,
G-004,,,,,,,,,,,
G-005,,,,,,,,,,,
G-006,,,,,,,,,,,
G-007,,,,,,,,,,,
G-008,,,,,,,,,,,
G-009,,,,,,,,,,,
G-010,,,,,,,,,,,
G-011,,,,,,,,,,,
G-012,,,,,,,,,,,
G-013,,,,,,,,,,,
G-014,,,,,,,,,,,
G-015,,,,,,,,,,,
G-016,,,,,,,,,,,
G-017,,,,,,,,,,,
G-018,,,,,,,,,,,
G-019,,,,,,,,,,,
G-020,,,,,,,,,,,
G-021,,,,,,,,,,,
G-022,,,,,,,,,,,
G-023,,,,,,,,,,,
G-024,,,,,,,,,,,
G-025,,,,,,,,,,,
G-026,,,,,,,,,,,
G-027,,,,,,,,,,,
G-028,,,,,,,,,,,
G-029,,,,,,,,,,,
G-030,,,,,,,,,,,
